{"cameraMode":{"drawMode":0,"name":"Shaded","section":"Shading Mode"},"sceneLighting":false,"audioPlay":false,"sceneViewState":{"showFog":false,"showMaterialUpdate":false,"showSkybox":false,"showFlares":false,"showImageEffects":false,"showParticleSystems":false},"in2DMode":false,"pivot":{"x":5.261574745178223,"y":-0.3230769634246826,"z":0.35059329867362978},"rotation":{"x":0.049890611320734027,"y":-0.6184948682785034,"z":0.03937727212905884,"w":0.7832454442977905},"size":8.42348861694336,"orthographic":false}